Rank,Player,Pos,Age,Date,Lg,Tm,Venue,Opp,Result,Game_number,Week,Day,Completed_Passes,Attempted_Passes,Incomplete_Passes,Comp_Percent,Passing_Yards,TD,Interceptions,Rating,Sacks,Rushing_Yards,Yards_Per_Attempt,Attempted_Yards_Per_Attempt
1,Patrick Mahomes,QB,23.063,19/11/2018,NFL,KAN,@,LAR,L 51-54,11,11,Mon,33,46,13,71.74,478,6,3,117.6,3,30,10.39,10.07
2,Nick Foles,QB,29.337,23/12/2018,NFL,PHI,,HOU,W 32-30,15,16,Sun,35,49,14,71.43,471,4,1,120.4,1,9,9.61,10.33
3,Jared Goff,QB,23.348,27/09/2018,NFL,LAR,,MIN,W 38-31,4,4,Thu,26,33,7,78.79,465,5,0,158.3,1,9,14.09,17.12
4,Andrew Luck,QB,29.018,30/09/2018,NFL,IND,,HOU,L 34-37,4,4,Sun,40,62,22,64.52,464,4,0,108.5,4,27,7.48,8.77
5,Ben Roethlisberger,QB,36.268,25/11/2018,NFL,PIT,@,DEN,L 17-24,11,12,Sun,41,56,15,73.21,462,1,2,88.5,2,12,8.25,7
6,Dak Prescott,QB,25.133,09/12/2018,NFL,DAL,,PHI,W 29-23,13,14,Sun,42,54,12,77.78,455,3,2,104.9,3,21,8.43,7.87
7,Ben Roethlisberger,QB,36.198,16/09/2018,NFL,PIT,,KAN,L 37-42,2,2,Sun,39,60,21,65,452,3,0,104.3,1,10,7.53,8.53
8,Aaron Rodgers,QB,35.021,23/12/2018,NFL,GNB,@,NYJ,W 44-38,15,16,Sun,37,55,18,67.27,442,2,0,103.7,4,29,8.04,8.76
9,Aaron Rodgers,QB,34.309,07/10/2018,NFL,GNB,@,DET,L 23-31,5,5,Sun,32,52,20,61.54,442,3,0,108,4,19,8.5,9.65
10,Drew Brees,QB,39.237,09/09/2018,NFL,NOR,,TAM,L 40-48,1,1,Sun,37,45,8,82.22,439,3,0,129.5,1,7,9.76,11.09
11,Derek Carr,QB,27.186,30/09/2018,NFL,OAK,,CLE,W 45-42,4,4,Sun,35,58,23,60.34,437,4,2,92.4,3,11,7.53,7.36
12,Blake Bortles,QB,26.162,07/10/2018,NFL,JAX,@,KAN,L 14-30,5,5,Sun,33,61,28,54.1,430,1,4,54.7,5,29,7.05,4.43
13,Kirk Cousins,QB,30.028,16/09/2018,NFL,MIN,@,GNB,T 29-29,2,2,Sun,35,48,13,72.92,425,4,1,118.8,2,13,8.85,9.58
14,Aaron Rodgers,QB,34.317,15/10/2018,NFL,GNB,,SFO,W 33-30,6,6,Mon,25,46,21,54.35,425,2,0,100.4,3,20,9.24,10.11
15,Philip Rivers,QB,36.275,09/09/2018,NFL,LAC,,KAN,L 28-38,1,1,Sun,34,51,17,66.67,424,3,1,103.7,1,6,8.31,8.61
16,Kirk Cousins,QB,30.039,27/09/2018,NFL,MIN,@,LAR,L 31-38,4,4,Thu,36,50,14,72,422,3,0,117.2,4,30,8.44,9.64
17,Matt Ryan,QB,33.136,30/09/2018,NFL,ATL,,CIN,L 36-37,4,4,Sun,29,39,10,74.36,419,3,0,134.5,3,16,10.74,12.28
18,Ryan Fitzpatrick,QB,35.289,09/09/2018,NFL,TAM,@,NOR,W 48-40,1,1,Sun,21,28,7,75,417,4,0,156.2,0,0,14.89,17.75
19,Nick Mullens,QB,23.256,02/12/2018,NFL,SFO,@,SEA,L 16-43,12,13,Sun,30,48,18,62.5,414,2,1,95.3,3,28,8.63,8.52
20,Jared Goff,QB,24.036,19/11/2018,NFL,LAR,,KAN,W 54-51,11,11,Mon,31,49,18,63.27,413,4,0,117.1,5,34,8.43,10.06
21,Ryan Fitzpatrick,QB,35.304,24/09/2018,NFL,TAM,,PIT,L 27-30,3,3,Mon,30,50,20,60,411,3,3,81.3,3,19,8.22,6.72
22,Ryan Fitzpatrick,QB,35.352,11/11/2018,NFL,TAM,,WAS,L 3-16,9,10,Sun,29,41,12,70.73,406,0,2,82,2,8,9.9,7.71
23,Ryan Fitzpatrick,QB,35.296,16/09/2018,NFL,TAM,,PHI,W 27-21,2,2,Sun,27,33,6,81.82,402,4,1,144.4,2,9,12.18,13.24
24,Philip Rivers,QB,36.345,18/11/2018,NFL,LAC,,DEN,L 22-23,10,11,Sun,28,43,15,65.12,401,2,2,91.3,3,17,9.33,8.16
25,Andrew Luck,QB,29.088,09/12/2018,NFL,IND,@,HOU,W 24-21,13,14,Sun,27,41,14,65.85,399,2,1,103.6,2,13,9.73,9.61
26,Eli Manning,QB,37.292,22/10/2018,NFL,NYG,@,ATL,L 20-23,7,7,Mon,27,38,11,71.05,399,1,0,113.8,4,27,10.5,11.03
27,Baker Mayfield,QB,23.232,02/12/2018,NFL,CLE,@,HOU,L 13-29,12,13,Sun,29,43,14,67.44,397,1,3,75.4,0,0,9.23,6.56
28,Drew Brees,QB,39.251,23/09/2018,NFL,NOR,@,ATL,W 43-37,3,3,Sun,39,49,10,79.59,396,3,0,120.7,1,5,8.08,9.31
29,Jameis Winston,QB,24.281,14/10/2018,NFL,TAM,@,ATL,L 29-34,5,6,Sun,30,41,11,73.17,395,4,2,115.4,2,6,9.63,9.39
30,Jared Goff,QB,24.021,04/11/2018,NFL,LAR,@,NOR,L 35-45,9,9,Sun,28,40,12,70,391,3,1,115.7,0,0,9.78,10.15
31,Blake Bortles,QB,26.155,30/09/2018,NFL,JAX,,NYJ,W 31-12,4,4,Sun,29,38,9,76.32,388,2,1,114.8,2,11,10.21,10.08
32,Deshaun Watson,QB,23.009,23/09/2018,NFL,HOU,,NYG,L 22-27,3,3,Sun,24,40,16,60,385,2,1,98.4,3,17,9.63,9.5
33,Brock Osweiler,QB,27.326,14/10/2018,NFL,MIA,,CHI,W 31-28,6,6,Sun,28,44,16,63.64,380,3,2,94.9,0,0,8.64,7.95
34,Ben Roethlisberger,QB,36.296,23/12/2018,NFL,PIT,@,NOR,L 28-31,15,16,Sun,33,50,17,66,380,3,0,108.7,3,16,7.6,8.8
35,Matt Ryan,QB,33.158,22/10/2018,NFL,ATL,,NYG,W 23-20,7,7,Mon,31,39,8,79.49,379,1,0,115.7,3,23,9.72,10.23
36,Case Keenum,QB,30.232,07/10/2018,NFL,DEN,@,NYJ,L 16-34,5,5,Sun,35,51,16,68.63,377,2,1,95,4,33,7.39,7.29
37,Patrick Mahomes,QB,23.083,09/12/2018,NFL,KAN,,BAL,W 27-24,13,14,Sun,35,53,18,66.04,377,2,1,91.5,3,29,7.11,7.02
38,Matt Ryan,QB,33.189,22/11/2018,NFL,ATL,@,NOR,L 17-31,11,12,Thu,35,47,12,74.47,377,2,1,102.9,6,37,8.02,7.91
39,Blake Bortles,QB,26.141,16/09/2018,NFL,JAX,,NWE,W 31-20,2,2,Sun,29,45,16,64.44,376,4,1,111,0,0,8.36,9.13
40,Joe Flacco,QB,33.24,13/09/2018,NFL,BAL,@,CIN,L 23-34,2,2,Thu,32,55,23,58.18,376,2,2,76,4,17,6.84,5.93
41,Patrick Mahomes,QB,23.048,04/11/2018,NFL,KAN,@,CLE,W 37-21,9,9,Sun,23,32,9,71.88,375,3,1,129,2,15,11.72,12.19
42,Deshaun Watson,QB,23.016,30/09/2018,NFL,HOU,@,IND,W 37-34,4,4,Sun,29,42,13,69.05,375,2,1,102.8,7,28,8.93,8.81
43,Deshaun Watson,QB,23.023,07/10/2018,NFL,HOU,,DAL,W 19-16,5,5,Sun,33,44,11,75,375,1,1,98.2,1,1,8.52,7.95
44,Matt Ryan,QB,33.129,23/09/2018,NFL,ATL,,NOR,L 37-43,3,3,Sun,26,35,9,74.29,374,5,0,148.1,3,15,10.69,13.54
45,Ben Roethlisberger,QB,36.226,14/10/2018,NFL,PIT,@,CIN,W 28-21,6,6,Sun,32,46,14,69.57,369,1,0,100.7,0,0,8.02,8.46
46,Andrew Luck,QB,29.022,04/10/2018,NFL,IND,@,NWE,L 24-38,5,5,Thu,38,59,21,64.41,365,3,2,84.4,1,10,6.19,5.68
47,Jameis Winston,QB,24.288,21/10/2018,NFL,TAM,,CLE,W 26-23,6,7,Sun,32,52,20,61.54,365,0,2,66.6,4,23,7.02,5.29
48,Drew Brees,QB,39.307,18/11/2018,NFL,NOR,,PHI,W 48-7,10,11,Sun,22,30,8,73.33,363,4,0,153.2,0,0,12.1,14.77
49,Drew Brees,QB,39.266,08/10/2018,NFL,NOR,,WAS,W 43-19,5,5,Mon,26,29,3,89.66,363,3,0,153.2,2,14,12.52,14.59
50,Joe Flacco,QB,33.257,30/09/2018,NFL,BAL,@,PIT,W 26-14,4,4,Sun,28,42,14,66.67,363,2,0,109.5,2,8,8.64,9.6
51,Carson Wentz,QB,25.316,11/11/2018,NFL,PHI,,DAL,L 20-27,9,10,Sun,32,44,12,72.73,360,2,1,102.5,2,10,8.18,8.07
52,Kirk Cousins,QB,30.07,28/10/2018,NFL,MIN,,NOR,L 20-30,8,8,Sun,31,41,10,75.61,359,2,1,107.7,4,21,8.76,8.63
53,Tom Brady,QB,41.128,09/12/2018,NFL,NWE,@,MIA,L 33-34,13,14,Sun,27,43,16,62.79,358,3,0,112.4,2,14,8.33,9.72
54,Patrick Mahomes,QB,23.034,21/10/2018,NFL,KAN,,CIN,W 45-10,7,7,Sun,28,39,11,71.79,358,4,1,123.7,2,5,9.18,10.08
55,Andrew Luck,QB,29.102,23/12/2018,NFL,IND,,NYG,W 28-27,15,16,Sun,31,47,16,65.96,357,2,1,94,1,4,7.6,7.49
56,Cam Newton,QB,29.191,18/11/2018,NFL,CAR,@,DET,L 19-20,10,11,Sun,25,37,12,67.57,357,3,1,114.4,3,26,9.65,10.05
57,Matt Ryan,QB,33.15,14/10/2018,NFL,ATL,,TAM,W 34-29,6,6,Sun,31,41,10,75.61,355,3,0,125.6,1,8,8.66,10.12
58,Mitchell Trubisky,QB,24.083,11/11/2018,NFL,CHI,,DET,W 34-22,9,10,Sun,23,30,7,76.67,355,3,0,148.6,1,7,11.83,13.83
59,Jared Goff,QB,23.344,23/09/2018,NFL,LAR,,LAC,W 35-23,3,3,Sun,29,36,7,80.56,354,3,1,123.8,1,4,9.83,10.25
60,Jared Goff,QB,23.337,16/09/2018,NFL,LAR,,ARI,W 34-0,2,2,Sun,24,32,8,75,354,1,1,108.1,2,12,11.06,10.28
61,Mitchell Trubisky,QB,24.041,30/09/2018,NFL,CHI,,TAM,W 48-10,4,4,Sun,19,26,7,73.08,354,6,0,154.6,1,10,13.62,18.23
62,Ben Roethlisberger,QB,36.206,24/09/2018,NFL,PIT,@,TAM,W 30-27,3,3,Mon,30,38,8,78.95,353,3,1,120.7,3,18,9.29,9.68
63,Andy Dalton,QB,30.329,23/09/2018,NFL,CIN,@,CAR,L 21-31,3,3,Sun,29,46,17,63.04,352,2,4,64.8,2,22,7.65,4.61
64,Patrick Mahomes,QB,23.027,14/10/2018,NFL,KAN,@,NWE,L 40-43,6,6,Sun,23,36,13,63.89,352,4,2,110,0,0,9.78,9.5
65,Matt Ryan,QB,33.171,04/11/2018,NFL,ATL,@,WAS,W 38-14,8,9,Sun,26,38,12,68.42,350,4,1,121.6,2,13,9.21,10.13
66,C.J. Beathard,QB,24.325,07/10/2018,NFL,SFO,,ARI,L 18-28,5,5,Sun,34,54,20,62.96,349,2,2,78.4,4,49,6.46,5.54
67,Carson Wentz,QB,25.274,30/09/2018,NFL,PHI,@,TEN,L 23-26,4,4,Sun,33,50,17,66,348,2,0,99.4,4,33,6.96,7.76
68,Matthew Stafford,QB,30.221,16/09/2018,NFL,DET,@,SFO,L 27-30,2,2,Sun,34,53,19,64.15,347,3,0,101.7,2,18,6.55,7.68
69,Drew Brees,QB,39.293,04/11/2018,NFL,NOR,,LAR,W 45-35,8,9,Sun,25,36,11,69.44,346,4,0,137,0,0,9.61,11.83
70,Derek Carr,QB,27.179,23/09/2018,NFL,OAK,@,MIA,L 20-28,3,3,Sun,27,39,12,69.23,345,1,2,83.8,3,20,8.85,7.05
71,Marcus Mariota,QB,24.335,30/09/2018,NFL,TEN,,PHI,W 26-23,4,4,Sun,30,43,13,69.77,344,2,1,99.4,3,17,8,7.88
72,Andrew Luck,QB,29.074,25/11/2018,NFL,IND,,MIA,W 27-24,11,12,Sun,30,37,7,81.08,343,3,2,109.8,1,10,9.27,8.46
73,Kirk Cousins,QB,30.098,25/11/2018,NFL,MIN,,GNB,W 24-17,11,12,Sun,29,38,9,76.32,342,3,0,129.5,2,17,9,10.58
74,Baker Mayfield,QB,23.176,07/10/2018,NFL,CLE,,BAL,W 12-9,5,5,Sun,25,43,18,58.14,342,1,1,81.7,5,38,7.95,7.37
75,Tom Brady,QB,41.062,04/10/2018,NFL,NWE,,IND,W 38-24,5,5,Thu,34,44,10,77.27,341,3,2,102.6,0,0,7.75,7.07
76,Sam Darnold,QB,21.201,23/12/2018,NFL,NYJ,,GNB,L 38-44,15,16,Sun,24,35,11,68.57,341,3,0,128.4,2,18,9.74,11.46
77,Tom Brady,QB,41.072,14/10/2018,NFL,NWE,,KAN,W 43-40,6,6,Sun,24,35,11,68.57,340,1,0,109.2,2,13,9.71,10.29
78,Jared Goff,QB,24.063,16/12/2018,NFL,LAR,,PHI,L 23-30,14,15,Sun,35,53,18,66.04,339,0,1,75.9,2,14,6.4,5.55
79,Philip Rivers,QB,36.303,07/10/2018,NFL,LAC,,OAK,W 26-10,5,5,Sun,22,27,5,81.48,339,2,0,143.4,1,6,12.56,14.04
80,Deshaun Watson,QB,23.1,23/12/2018,NFL,HOU,@,PHI,L 30-32,15,16,Sun,29,40,11,72.5,339,2,0,114.5,4,30,8.48,9.48
81,Russell Wilson,QB,29.361,25/11/2018,NFL,SEA,@,CAR,W 30-27,11,12,Sun,22,31,9,70.97,339,2,0,128.3,2,17,10.94,12.23
82,Andy Dalton,QB,30.336,30/09/2018,NFL,CIN,@,ATL,W 37-36,4,4,Sun,29,41,12,70.73,337,3,1,109.5,3,29,8.22,8.59
83,Jameis Winston,QB,24.351,23/12/2018,NFL,TAM,@,DAL,L 20-27,15,16,Sun,34,48,14,70.83,336,1,0,97.2,3,16,7,7.42
84,Cam Newton,QB,29.128,16/09/2018,NFL,CAR,@,ATL,L 24-31,2,2,Sun,32,45,13,71.11,335,3,1,105.3,2,17,7.44,7.78
85,Ben Roethlisberger,QB,36.191,09/09/2018,NFL,PIT,@,CLE,T 21-21,1,1,Sun,23,41,18,56.1,335,1,3,60.5,4,22,8.17,5.37
86,Sam Darnold,QB,21.103,16/09/2018,NFL,NYJ,,MIA,L 12-20,2,2,Sun,25,41,16,60.98,334,1,2,74.6,3,14,8.15,6.44
87,Nick Foles,QB,29.239,16/09/2018,NFL,PHI,@,TAM,L 21-27,2,2,Sun,35,48,13,72.92,334,1,0,98.8,3,13,6.96,7.38
88,Mitchell Trubisky,QB,24.062,21/10/2018,NFL,CHI,,NWE,L 31-38,6,7,Sun,26,50,24,52,333,2,2,69.8,2,14,6.66,5.66
89,Nick Mullens,QB,23.263,09/12/2018,NFL,SFO,,DEN,W 20-14,13,14,Sun,20,33,13,60.61,332,2,1,102.1,3,27,10.06,9.91
90,Aaron Rodgers,QB,34.348,15/11/2018,NFL,GNB,@,SEA,L 24-27,10,11,Thu,21,30,9,70,332,2,0,128.7,5,21,11.07,12.4
91,Matt Ryan,QB,33.178,11/11/2018,NFL,ATL,@,CLE,L 16-28,9,10,Sun,38,52,14,73.08,330,2,0,102.2,2,19,6.35,7.12
92,Case Keenum,QB,30.204,09/09/2018,NFL,DEN,,SEA,W 27-24,1,1,Sun,25,39,14,64.1,329,3,3,84.2,1,5,8.44,6.51
93,Ben Roethlisberger,QB,36.251,08/11/2018,NFL,PIT,,CAR,W 52-21,9,10,Thu,22,25,3,88,328,5,0,158.3,1,6,13.12,17.12
94,Drew Brees,QB,39.342,23/12/2018,NFL,NOR,,PIT,W 31-28,15,16,Sun,27,39,12,69.23,326,1,0,103.2,2,13,8.36,8.87
95,Patrick Mahomes,QB,22.364,16/09/2018,NFL,KAN,@,PIT,W 42-37,2,2,Sun,23,28,5,82.14,326,6,0,154.8,1,4,11.64,15.93
96,Eli Manning,QB,37.277,07/10/2018,NFL,NYG,@,CAR,L 31-33,5,5,Sun,22,36,14,61.11,326,2,2,86.1,1,1,9.06,7.67
97,Tom Brady,QB,41.087,29/10/2018,NFL,NWE,@,BUF,W 25-6,8,8,Mon,29,45,16,64.44,324,0,0,85.8,2,13,7.2,7.2
98,Derek Carr,QB,27.256,09/12/2018,NFL,OAK,,PIT,W 24-21,13,14,Sun,25,34,9,73.53,322,2,0,122.4,4,23,9.47,10.65
99,Case Keenum,QB,30.239,14/10/2018,NFL,DEN,,LAR,L 20-23,6,6,Sun,25,41,16,60.98,322,2,1,91.7,2,25,7.85,7.73
100,Jared Goff,QB,23.358,07/10/2018,NFL,LAR,@,SEA,W 33-31,5,5,Sun,23,32,9,71.88,321,1,2,88.2,1,8,10.03,7.84
101,Blake Bortles,QB,26.197,11/11/2018,NFL,JAX,@,IND,L 26-29,9,10,Sun,26,38,12,68.42,320,2,0,111.7,0,0,8.42,9.47
102,Andrew Luck,QB,28.362,09/09/2018,NFL,IND,,CIN,L 23-34,1,1,Sun,39,53,14,73.58,319,2,1,93.2,2,14,6.02,5.92
103,Jared Goff,QB,24.028,11/11/2018,NFL,LAR,,SEA,W 36-31,10,10,Sun,28,39,11,71.79,318,2,0,113,2,11,8.15,9.18
104,Eli Manning,QB,37.298,28/10/2018,NFL,NYG,,WAS,L 13-20,8,8,Sun,30,47,17,63.83,316,1,2,72.7,7,50,6.72,5.23
105,Mitchell Trubisky,QB,24.055,14/10/2018,NFL,CHI,@,MIA,L 28-31,5,6,Sun,22,31,9,70.97,316,3,1,122.5,2,13,10.19,10.68
106,Patrick Mahomes,QB,23.006,23/09/2018,NFL,KAN,,SFO,W 38-27,3,3,Sun,24,38,14,63.16,314,3,0,115.5,2,7,8.26,9.84
107,Ben Roethlisberger,QB,36.261,18/11/2018,NFL,PIT,@,JAX,W 20-16,10,11,Sun,27,47,20,57.45,314,2,3,65.4,2,17,6.68,4.66
108,Patrick Mahomes,QB,23.02,07/10/2018,NFL,KAN,,JAX,W 30-14,5,5,Sun,22,38,16,57.89,313,0,2,62.7,1,15,8.24,5.87
109,Philip Rivers,QB,37.005,13/12/2018,NFL,LAC,@,KAN,W 29-28,14,15,Thu,26,38,12,68.42,313,2,2,89,5,25,8.24,6.92
110,Jameis Winston,QB,24.323,25/11/2018,NFL,TAM,,SFO,W 27-9,11,12,Sun,29,38,9,76.32,312,2,0,117.4,1,8,8.21,9.26
111,Tom Brady,QB,41.121,02/12/2018,NFL,NWE,,MIN,W 24-10,12,13,Sun,24,32,8,75,311,1,1,102.5,0,0,9.72,8.94
112,Carson Wentz,QB,25.281,07/10/2018,NFL,PHI,,MIN,L 21-23,5,5,Sun,24,35,11,68.57,311,2,0,115.3,3,28,8.89,10.03
113,Matthew Stafford,QB,30.263,28/10/2018,NFL,DET,,SEA,L 14-28,7,8,Sun,27,40,13,67.5,310,2,1,96.9,3,13,7.75,7.63
114,Deshaun Watson,QB,23.002,16/09/2018,NFL,HOU,@,TEN,L 17-20,2,2,Sun,22,32,10,68.75,310,2,1,107.6,4,21,9.69,9.53
115,Carson Wentz,QB,25.295,21/10/2018,NFL,PHI,,CAR,L 17-21,7,7,Sun,30,37,7,81.08,310,2,0,119.6,4,26,8.38,9.46
116,Eli Manning,QB,37.354,23/12/2018,NFL,NYG,@,IND,L 27-28,15,16,Sun,25,33,8,75.76,309,1,1,101.7,0,0,9.36,8.61
117,Matthew Stafford,QB,30.235,30/09/2018,NFL,DET,@,DAL,L 24-26,4,4,Sun,24,30,6,80,307,2,0,131.5,3,21,10.23,11.57
118,Philip Rivers,QB,36.317,21/10/2018,NFL,LAC,,TEN,W 20-19,7,7,Sun,19,26,7,73.08,306,2,0,137.7,2,9,11.77,13.31
119,Alex Smith,QB,34.181,04/11/2018,NFL,WAS,,ATL,L 14-38,8,9,Sun,30,46,16,65.22,306,1,1,82.3,3,19,6.65,6.11
120,Carson Wentz,QB,25.338,03/12/2018,NFL,PHI,,WAS,W 28-13,12,13,Mon,27,39,12,69.23,306,2,1,98.9,0,0,7.85,7.72
121,Patrick Mahomes,QB,23.014,01/10/2018,NFL,KAN,@,DEN,W 27-23,4,4,Mon,28,45,17,62.22,304,1,0,89.5,1,0,6.76,7.2
122,Derek Carr,QB,27.166,10/09/2018,NFL,OAK,,LAR,L 13-33,1,1,Mon,29,40,11,72.5,303,0,3,62.8,1,3,7.58,4.2
123,Patrick Mahomes,QB,23.041,28/10/2018,NFL,KAN,,DEN,W 30-23,8,8,Sun,24,34,10,70.59,303,4,1,125,2,12,8.91,9.94
124,Marcus Mariota,QB,25.027,26/11/2018,NFL,TEN,@,HOU,L 17-34,11,12,Mon,22,23,1,95.65,303,2,0,147.7,6,43,13.17,14.91
125,Kirk Cousins,QB,30.049,07/10/2018,NFL,MIN,@,PHI,W 23-21,5,5,Sun,30,37,7,81.08,301,1,0,109.6,1,3,8.14,8.68
126,Andrew Luck,QB,29.032,14/10/2018,NFL,IND,@,NYJ,L 34-42,6,6,Sun,23,43,20,53.49,301,4,3,77.8,0,0,7,5.72
127,Cam Newton,QB,29.205,02/12/2018,NFL,CAR,@,TAM,L 17-24,12,13,Sun,28,41,13,68.29,300,2,4,66.2,4,24,7.32,3.9
128,Philip Rivers,QB,36.359,02/12/2018,NFL,LAC,@,PIT,W 33-30,12,13,Sun,26,36,10,72.22,299,2,0,115.4,2,13,8.31,9.42
129,C.J. Beathard,QB,24.318,30/09/2018,NFL,SFO,@,LAC,L 27-29,4,4,Sun,23,37,14,62.16,298,2,2,82.9,1,10,8.05,6.7
130,Joe Flacco,QB,33.264,07/10/2018,NFL,BAL,@,CLE,L 9-12,5,5,Sun,29,56,27,51.79,298,0,1,60,2,4,5.32,4.52
131,Aaron Rodgers,QB,34.302,30/09/2018,NFL,GNB,,BUF,W 22-0,4,4,Sun,22,40,18,55,298,1,1,76.9,2,16,7.45,6.83
132,Russell Wilson,QB,29.284,09/09/2018,NFL,SEA,@,DEN,L 24-27,1,1,Sun,19,33,14,57.58,298,3,2,92.7,6,56,9.03,8.12
133,Andrew Luck,QB,29.067,18/11/2018,NFL,IND,,TEN,W 38-10,10,11,Sun,23,29,6,79.31,297,3,0,143.8,0,0,10.24,12.31
134,Eli Manning,QB,37.326,25/11/2018,NFL,NYG,@,PHI,L 22-25,11,12,Sun,26,37,11,70.27,297,1,1,91.8,2,21,8.03,7.35
135,Eli Manning,QB,37.263,23/09/2018,NFL,NYG,@,HOU,W 27-22,3,3,Sun,25,29,4,86.21,297,2,0,132.3,4,32,10.24,11.62
136,Baker Mayfield,QB,23.204,04/11/2018,NFL,CLE,,KAN,L 21-37,9,9,Sun,29,42,13,69.05,297,2,1,95,2,22,7.07,6.95
137,Kirk Cousins,QB,30.035,23/09/2018,NFL,MIN,,BUF,L 6-27,3,3,Sun,40,55,15,72.73,296,1,1,83.6,4,18,5.38,4.93
138,Jared Goff,QB,24.014,28/10/2018,NFL,LAR,,GNB,W 29-27,8,8,Sun,19,35,16,54.29,295,3,0,111,5,26,8.43,10.14
139,Patrick Mahomes,QB,23.076,02/12/2018,NFL,KAN,@,OAK,W 40-33,12,13,Sun,23,38,15,60.53,295,4,0,120,0,0,7.76,9.87
140,Baker Mayfield,QB,23.169,30/09/2018,NFL,CLE,@,OAK,L 42-45,4,4,Sun,21,41,20,51.22,295,2,2,70.7,2,16,7.2,5.98
141,Tom Brady,QB,41.093,04/11/2018,NFL,NWE,,GNB,W 31-17,9,9,Sun,22,35,13,62.86,294,1,0,99,2,21,8.4,8.97
142,Deshaun Watson,QB,23.092,15/12/2018,NFL,HOU,@,NYJ,W 29-22,14,15,Sat,22,28,6,78.57,294,2,0,134.2,6,55,10.5,11.93
143,Alex Smith,QB,34.132,16/09/2018,NFL,WAS,,IND,L 9-21,2,2,Sun,33,46,13,71.74,292,0,0,88.3,3,23,6.35,6.35
144,Matt Ryan,QB,33.185,18/11/2018,NFL,ATL,,DAL,L 19-22,10,11,Sun,24,34,10,70.59,291,1,1,94.1,3,17,8.56,7.82
145,Derek Anderson,QB,35.136,29/10/2018,NFL,BUF,,NWE,L 6-25,8,8,Mon,22,39,17,56.41,290,0,1,69.4,3,26,7.44,6.28
146,Case Keenum,QB,30.26,04/11/2018,NFL,DEN,,HOU,L 17-19,9,9,Sun,26,42,16,61.9,290,1,0,90.4,2,17,6.9,7.38
147,Dak Prescott,QB,25.116,22/11/2018,NFL,DAL,,WAS,W 31-23,11,12,Thu,22,31,9,70.97,289,2,0,121.6,4,31,9.32,10.61
148,Ryan Tannehill,QB,30.058,23/09/2018,NFL,MIA,,OAK,W 28-20,3,3,Sun,17,23,6,73.91,289,3,0,155.3,1,9,12.57,15.17
149,Derek Carr,QB,27.172,16/09/2018,NFL,OAK,@,DEN,L 19-20,2,2,Sun,29,32,3,90.63,288,1,0,114.6,1,7,9,9.63
150,Blake Bortles,QB,26.183,28/10/2018,NFL,JAX,,PHI,L 18-24,8,8,Sun,24,41,17,58.54,286,1,0,88.1,4,21,6.98,7.46
151,Aaron Rodgers,QB,34.281,09/09/2018,NFL,GNB,,CHI,W 24-23,1,1,Sun,20,30,10,66.67,286,3,0,130.7,2,19,9.53,11.53
152,Aaron Rodgers,QB,34.33,28/10/2018,NFL,GNB,@,LAR,L 27-29,7,8,Sun,18,30,12,60,286,1,0,102.9,3,33,9.53,10.2
153,Matthew Stafford,QB,30.215,10/09/2018,NFL,DET,,NYJ,L 17-48,1,1,Mon,27,46,19,58.7,286,1,4,47.9,0,0,6.22,2.74
154,Carson Wentz,QB,25.302,28/10/2018,NFL,PHI,@,JAX,W 24-18,8,8,Sun,21,30,9,70,286,3,1,119.6,4,24,9.53,10.03
155,Derek Carr,QB,27.249,02/12/2018,NFL,OAK,,KAN,L 33-40,12,13,Sun,29,38,9,76.32,285,3,0,123.2,3,14,7.5,9.08
156,Chase Daniel,QB,32.056,02/12/2018,NFL,CHI,@,NYG,L 27-30,12,13,Sun,26,39,13,66.67,285,1,2,75.3,5,28,7.31,5.51
157,Andrew Luck,QB,29.06,11/11/2018,NFL,IND,,JAX,W 29-26,9,10,Sun,21,29,8,72.41,285,3,1,123.5,0,0,9.83,10.34
158,Matt Ryan,QB,33.143,07/10/2018,NFL,ATL,@,PIT,L 17-41,5,5,Sun,26,38,12,68.42,285,1,0,99.1,6,43,7.5,8.03
159,Baker Mayfield,QB,23.253,23/12/2018,NFL,CLE,,CIN,W 26-18,15,16,Sun,27,37,10,72.97,284,3,0,121.9,0,0,7.68,9.3
160,Tom Brady,QB,41.114,25/11/2018,NFL,NWE,@,NYJ,W 27-13,11,12,Sun,20,31,11,64.52,283,2,0,115.4,0,0,9.13,10.42
161,Marcus Mariota,QB,25.033,02/12/2018,NFL,TEN,,NYJ,W 26-22,12,13,Sun,20,35,15,57.14,282,2,1,90.4,3,9,8.06,7.91
162,Ben Roethlisberger,QB,36.282,09/12/2018,NFL,PIT,@,OAK,L 21-24,13,14,Sun,25,29,4,86.21,282,2,0,130.2,1,6,9.72,11.1
163,Eli Manning,QB,37.281,11/10/2018,NFL,NYG,,PHI,L 13-34,6,6,Thu,24,43,19,55.81,281,0,1,66.1,4,27,6.53,5.49
164,Aaron Rodgers,QB,34.288,16/09/2018,NFL,GNB,,MIN,T 29-29,2,2,Sun,30,42,12,71.43,281,1,0,97.4,4,28,6.69,7.17
165,Ben Roethlisberger,QB,36.275,02/12/2018,NFL,PIT,,LAC,L 30-33,12,13,Sun,29,45,16,64.44,281,2,1,87.4,1,10,6.24,6.13
166,Andy Dalton,QB,30.364,28/10/2018,NFL,CIN,,TAM,W 37-34,8,8,Sun,21,34,13,61.76,280,2,0,107.5,2,16,8.24,9.41
167,Sam Darnold,QB,21.131,14/10/2018,NFL,NYJ,,IND,W 42-34,6,6,Sun,24,30,6,80,280,2,1,113.9,2,13,9.33,9.17
168,Tom Brady,QB,41.135,16/12/2018,NFL,NWE,@,PIT,L 10-17,14,15,Sun,25,36,11,69.44,279,1,1,89.9,1,7,7.75,7.06
169,Joe Flacco,QB,33.278,21/10/2018,NFL,BAL,,NOR,L 23-24,7,7,Sun,23,39,16,58.97,279,2,0,98.1,1,10,7.15,8.18
170,Eli Manning,QB,37.256,16/09/2018,NFL,NYG,@,DAL,L 13-20,2,2,Sun,33,44,11,75,279,1,0,98.6,6,59,6.34,6.8
171,Carson Wentz,QB,25.285,11/10/2018,NFL,PHI,@,NYG,W 34-13,6,6,Thu,26,36,10,72.22,278,3,0,122.2,1,7,7.72,9.39
172,Tom Brady,QB,41.037,09/09/2018,NFL,NWE,,HOU,W 27-20,1,1,Sun,26,39,13,66.67,277,3,1,102.2,2,10,7.1,7.49
173,Tom Brady,QB,41.079,21/10/2018,NFL,NWE,@,CHI,W 38-31,7,7,Sun,25,36,11,69.44,277,3,1,108.2,1,4,7.69,8.11
174,Joe Flacco,QB,33.25,23/09/2018,NFL,BAL,,DEN,W 27-14,3,3,Sun,25,40,15,62.5,277,1,0,91.4,2,12,6.93,7.43
175,Josh McCown,QB,39.144,25/11/2018,NFL,NYJ,,NWE,L 13-27,11,12,Sun,26,45,19,57.78,276,1,1,73.9,2,12,6.13,5.58
176,Jameis Winston,QB,24.295,28/10/2018,NFL,TAM,@,CIN,L 34-37,7,8,Sun,18,35,17,51.43,276,1,4,47.7,5,20,7.89,3.31
177,Nick Mullens,QB,23.27,16/12/2018,NFL,SFO,,SEA,W 26-23,14,15,Sun,20,29,9,68.97,275,1,0,110.6,3,18,9.48,10.17
178,Cam Newton,QB,29.156,14/10/2018,NFL,CAR,@,WAS,L 17-23,5,6,Sun,27,40,13,67.5,275,2,1,93.2,1,6,6.88,6.75
179,Alex Smith,QB,34.154,08/10/2018,NFL,WAS,@,NOR,L 19-43,4,5,Mon,23,39,16,58.97,275,0,1,69.9,3,31,7.05,5.9
180,Tom Brady,QB,41.058,30/09/2018,NFL,NWE,,MIA,W 38-7,4,4,Sun,23,35,12,65.71,274,3,2,94.2,0,0,7.83,6.97
181,Taylor Heinicke,QB,25.283,23/12/2018,NFL,CAR,,ATL,L 10-24,15,16,Sun,33,53,20,62.26,274,1,3,58.2,2,17,5.17,3
182,Aaron Rodgers,QB,35.014,16/12/2018,NFL,GNB,@,CHI,L 17-24,14,15,Sun,25,42,17,59.52,274,0,1,68.9,5,39,6.52,5.45
183,Ben Roethlisberger,QB,36.212,30/09/2018,NFL,PIT,,BAL,L 14-26,4,4,Sun,27,47,20,57.45,274,1,1,72.5,1,9,5.83,5.3
184,Matthew Stafford,QB,30.277,11/11/2018,NFL,DET,@,CHI,L 22-34,9,10,Sun,25,42,17,59.52,274,2,2,74.9,6,45,6.52,5.33
185,Patrick Mahomes,QB,23.097,23/12/2018,NFL,KAN,@,SEA,L 31-38,15,16,Sun,23,40,17,57.5,273,3,0,103.4,1,8,6.83,8.33
186,Dak Prescott,QB,25.084,21/10/2018,NFL,DAL,@,WAS,L 17-20,7,7,Sun,22,35,13,62.86,273,1,0,96.5,4,23,7.8,8.37
187,Matt Ryan,QB,33.122,16/09/2018,NFL,ATL,,CAR,W 31-24,2,2,Sun,23,28,5,82.14,272,2,1,116.1,0,0,9.71,9.54
188,Russell Wilson,QB,30.024,23/12/2018,NFL,SEA,,KAN,W 38-31,15,16,Sun,18,29,11,62.07,271,3,0,127.2,3,17,9.34,11.41
189,Nick Foles,QB,29.33,16/12/2018,NFL,PHI,@,LAR,W 30-23,14,15,Sun,24,31,7,77.42,270,0,1,89.4,0,0,8.71,7.26
190,Dak Prescott,QB,25.105,11/11/2018,NFL,DAL,@,PHI,W 27-20,9,10,Sun,26,36,10,72.22,270,1,0,102.8,4,31,7.5,8.06
191,Ben Roethlisberger,QB,36.247,04/11/2018,NFL,PIT,@,BAL,W 23-16,8,9,Sun,28,47,19,59.57,270,2,0,89.8,1,10,5.74,6.6
192,Cam Newton,QB,29.163,21/10/2018,NFL,CAR,@,PHI,W 21-17,6,7,Sun,25,39,14,64.1,269,2,0,101.3,2,19,6.9,7.92
193,Derek Carr,QB,27.193,07/10/2018,NFL,OAK,@,LAC,L 10-26,5,5,Sun,24,33,9,72.73,268,1,1,94,3,20,8.12,7.36
194,Colt McCoy,QB,32.078,22/11/2018,NFL,WAS,@,DAL,L 23-31,11,12,Thu,24,38,14,63.16,268,2,3,68.7,3,17,7.05,4.55
195,Deshaun Watson,QB,23.086,09/12/2018,NFL,HOU,,IND,L 21-24,13,14,Sun,27,38,11,71.05,267,1,0,99.3,5,41,7.03,7.55
196,Drew Brees,QB,39.3,11/11/2018,NFL,NOR,@,CIN,W 51-14,9,10,Sun,22,25,3,88,265,3,0,150.4,0,0,10.6,13
197,Andy Dalton,QB,30.319,13/09/2018,NFL,CIN,,BAL,W 34-23,2,2,Thu,24,42,18,57.14,265,4,0,107.7,0,0,6.31,8.21
198,Cam Newton,QB,29.212,09/12/2018,NFL,CAR,@,CLE,L 20-26,13,14,Sun,26,42,16,61.9,265,0,1,70,1,1,6.31,5.24
199,Aaron Rodgers,QB,34.295,23/09/2018,NFL,GNB,@,WAS,L 17-31,3,3,Sun,27,44,17,61.36,265,2,0,93.5,4,25,6.02,6.93
200,Ryan Tannehill,QB,30.135,09/12/2018,NFL,MIA,,NWE,W 34-33,13,14,Sun,14,19,5,73.68,265,3,0,155.2,4,36,13.95,17.11
201,Derek Carr,QB,27.263,16/12/2018,NFL,OAK,@,CIN,L 16-30,14,15,Sun,21,38,17,55.26,263,1,0,85.7,5,34,6.92,7.45
202,Kirk Cousins,QB,30.091,18/11/2018,NFL,MIN,@,CHI,L 20-25,10,11,Sun,30,46,16,65.22,262,2,2,76.5,2,16,5.7,4.61
203,Case Keenum,QB,30.253,28/10/2018,NFL,DEN,@,KAN,L 23-30,8,8,Sun,23,34,11,67.65,262,2,1,97.9,5,40,7.71,7.56
204,Nick Mullens,QB,23.225,01/11/2018,NFL,SFO,,OAK,W 34-3,9,9,Thu,16,22,6,72.73,262,3,0,151.9,0,0,11.91,14.64
205,Matt Ryan,QB,33.206,09/12/2018,NFL,ATL,@,GNB,L 20-34,13,14,Sun,28,42,14,66.67,262,3,1,97.5,2,25,6.24,6.6
206,Matthew Stafford,QB,30.228,23/09/2018,NFL,DET,,NWE,W 26-10,3,3,Sun,27,36,9,75,262,2,1,101.9,1,7,7.28,7.14
207,Jimmy Garoppolo,QB,26.311,09/09/2018,NFL,SFO,@,MIN,L 16-24,1,1,Sun,15,33,18,45.45,261,1,3,45.1,3,24,7.91,4.42
208,Philip Rivers,QB,36.352,25/11/2018,NFL,LAC,,ARI,W 45-10,11,12,Sun,28,29,1,96.55,259,3,0,138.4,4,23,8.93,11
209,Aaron Rodgers,QB,34.337,04/11/2018,NFL,GNB,@,NWE,L 17-31,8,9,Sun,24,43,19,55.81,259,2,0,89.2,1,9,6.02,6.95
210,Baker Mayfield,QB,23.225,25/11/2018,NFL,CLE,@,CIN,W 35-20,11,12,Sun,19,26,7,73.08,258,4,0,143.9,0,0,9.92,13
211,Case Keenum,QB,30.301,15/12/2018,NFL,DEN,,CLE,L 16-17,14,15,Sat,31,48,17,64.58,257,0,2,60.9,2,19,5.35,3.48
212,Ben Roethlisberger,QB,36.24,28/10/2018,NFL,PIT,,CLE,W 33-18,7,8,Sun,24,36,12,66.67,257,2,1,94.3,1,4,7.14,7
213,Patrick Mahomes,QB,22.357,09/09/2018,NFL,KAN,@,LAC,W 38-28,1,1,Sun,15,27,12,55.56,256,4,0,127.5,1,0,9.48,12.44
214,Cam Newton,QB,29.198,25/11/2018,NFL,CAR,,SEA,L 27-30,11,12,Sun,25,30,5,83.33,256,2,1,110.6,0,0,8.53,8.37
215,Philip Rivers,QB,36.282,16/09/2018,NFL,LAC,@,BUF,W 31-20,2,2,Sun,23,27,4,85.19,256,3,0,143.2,2,16,9.48,11.7
216,Eli Manning,QB,37.27,30/09/2018,NFL,NYG,,NOR,L 18-33,4,4,Sun,31,41,10,75.61,255,1,0,99.1,3,21,6.22,6.71
217,Dak Prescott,QB,25.063,30/09/2018,NFL,DAL,,DET,W 26-24,4,4,Sun,17,27,10,62.96,255,2,0,118.6,3,24,9.44,10.93
218,Alex Smith,QB,34.125,09/09/2018,NFL,WAS,@,ARI,W 24-6,1,1,Sun,21,30,9,70,255,2,0,118.1,3,8,8.5,9.83
219,Carson Wentz,QB,25.267,23/09/2018,NFL,PHI,,IND,W 20-16,3,3,Sun,25,37,12,67.57,255,1,1,84.9,5,28,6.89,6.22
220,Tom Brady,QB,41.1,11/11/2018,NFL,NWE,@,TEN,L 10-34,10,10,Sun,21,41,20,51.22,254,0,0,70.6,3,23,6.2,6.2
221,Kirk Cousins,QB,30.126,23/12/2018,NFL,MIN,@,DET,W 27-9,15,16,Sun,21,28,7,75,253,3,0,137.9,2,13,9.04,11.18
222,Sam Darnold,QB,21.193,15/12/2018,NFL,NYJ,,HOU,L 22-29,14,15,Sat,24,38,14,63.16,253,2,0,100,3,25,6.66,7.71
223,Josh Rosen,QB,21.26,28/10/2018,NFL,ARI,,SFO,W 18-15,8,8,Sun,23,40,17,57.5,252,2,1,82.5,3,19,6.3,6.18
224,Jimmy Garoppolo,QB,26.325,23/09/2018,NFL,SFO,@,KAN,L 27-38,3,3,Sun,20,30,10,66.67,251,2,0,114.7,4,23,8.37,9.7
225,Matt Ryan,QB,33.112,06/09/2018,NFL,ATL,@,PHI,L 12-18,1,1,Thu,21,43,22,48.84,251,0,1,57.4,4,26,5.84,4.79
226,Nick Mullens,QB,23.236,12/11/2018,NFL,SFO,,NYG,L 23-27,10,10,Mon,27,39,12,69.23,250,1,2,73.7,0,0,6.41,4.62
227,Philip Rivers,QB,36.296,30/09/2018,NFL,LAC,,SFO,W 29-27,4,4,Sun,25,39,14,64.1,250,3,1,97.2,1,8,6.41,6.79
228,Ben Roethlisberger,QB,36.219,07/10/2018,NFL,PIT,,ATL,W 41-17,5,5,Sun,19,29,10,65.52,250,3,1,112.7,0,0,8.62,9.14
229,Patrick Mahomes,QB,23.055,11/11/2018,NFL,KAN,,ARI,W 26-14,10,10,Sun,21,28,7,75,249,2,0,125.4,5,37,8.89,10.32
230,Dak Prescott,QB,25.123,29/11/2018,NFL,DAL,,NOR,W 13-10,12,13,Thu,24,28,4,85.71,249,1,0,115.6,7,40,8.89,9.61
231,Jameis Winston,QB,24.33,02/12/2018,NFL,TAM,,CAR,W 24-17,12,13,Sun,20,30,10,66.67,249,2,0,114.4,4,29,8.3,9.63
232,Andy Dalton,QB,30.343,07/10/2018,NFL,CIN,,MIA,W 27-17,5,5,Sun,20,30,10,66.67,248,1,1,89.3,2,19,8.27,7.43
233,Andrew Luck,QB,29.081,02/12/2018,NFL,IND,@,JAX,L 0-6,12,13,Sun,33,52,19,63.46,248,0,1,66.8,3,24,4.77,3.9
234,Russell Wilson,QB,29.333,28/10/2018,NFL,SEA,@,DET,W 28-14,7,8,Sun,14,17,3,82.35,248,3,0,158.3,2,11,14.59,18.12
235,Cam Newton,QB,29.177,04/11/2018,NFL,CAR,,TAM,W 42-28,8,9,Sun,19,25,6,76,247,2,0,133.2,2,19,9.88,11.48
236,Tyrod Taylor,QB,29.044,16/09/2018,NFL,CLE,@,NOR,L 18-21,2,2,Sun,22,30,8,73.33,246,1,1,94.6,3,12,8.2,7.37
237,Mitchell Trubisky,QB,24.125,23/12/2018,NFL,CHI,@,SFO,W 14-9,15,16,Sun,25,29,4,86.21,246,1,0,113.5,3,11,8.48,9.17
238,Josh Allen,QB,22.118,16/09/2018,NFL,BUF,,LAC,L 20-31,2,2,Sun,18,33,15,54.55,245,1,2,63.3,5,36,7.42,5.3
239,C.J. Beathard,QB,24.333,15/10/2018,NFL,SFO,@,GNB,L 30-33,6,6,Mon,16,23,7,69.57,245,2,1,115.3,2,18,10.65,10.43
240,Case Keenum,QB,30.226,01/10/2018,NFL,DEN,,KAN,L 23-27,4,4,Mon,21,33,12,63.64,245,0,1,73.4,4,19,7.42,6.06
241,Matthew Stafford,QB,30.298,02/12/2018,NFL,DET,,LAR,L 16-30,12,13,Sun,20,33,13,60.61,245,1,1,81,4,37,7.42,6.67
242,Derek Carr,QB,27.214,28/10/2018,NFL,OAK,,IND,L 28-42,7,8,Sun,21,28,7,75,244,3,0,136.6,0,0,8.71,10.86
243,Kirk Cousins,QB,30.021,09/09/2018,NFL,MIN,,SFO,W 24-16,1,1,Sun,20,36,16,55.56,244,2,0,95.1,3,17,6.78,7.89
244,Drew Brees,QB,39.244,16/09/2018,NFL,NOR,,CLE,W 21-18,2,2,Sun,28,35,7,80,243,2,0,114.6,3,30,6.94,8.09
245,Derek Carr,QB,27.228,11/11/2018,NFL,OAK,,LAC,L 6-20,9,10,Sun,24,37,13,64.86,243,0,0,83.5,4,40,6.57,6.57
246,Andy Dalton,QB,30.315,09/09/2018,NFL,CIN,@,IND,W 34-23,1,1,Sun,21,28,7,75,243,2,1,109.7,2,14,8.68,8.5
247,Ryan Fitzpatrick,QB,35.345,04/11/2018,NFL,TAM,@,CAR,L 28-42,8,9,Sun,24,40,16,60,243,4,2,89.9,3,24,6.08,5.83
248,Patrick Mahomes,QB,23.087,13/12/2018,NFL,KAN,,LAC,L 28-29,14,15,Thu,24,34,10,70.59,243,2,0,110.3,2,9,7.15,8.32
249,Dak Prescott,QB,25.099,05/11/2018,NFL,DAL,,TEN,L 14-28,8,9,Mon,21,31,10,67.74,243,2,1,99.3,5,18,7.84,7.68
250,Kirk Cousins,QB,30.063,21/10/2018,NFL,MIN,@,NYJ,W 37-17,7,7,Sun,25,40,15,62.5,241,2,0,95.9,1,13,6.03,7.03
251,Nick Mullens,QB,23.277,23/12/2018,NFL,SFO,,CHI,L 9-14,15,16,Sun,22,38,16,57.89,241,0,1,65.8,1,9,6.34,5.16
252,Brock Osweiler,QB,27.337,25/10/2018,NFL,MIA,@,HOU,L 23-42,8,8,Thu,21,37,16,56.76,241,0,1,65.3,2,15,6.51,5.3
253,Cody Kessler,QB,25.209,06/12/2018,NFL,JAX,@,TEN,L 9-30,13,14,Thu,25,43,18,58.14,240,1,0,81.5,4,45,5.58,6.05
254,Marcus Mariota,QB,25.006,05/11/2018,NFL,TEN,@,DAL,W 28-14,8,9,Mon,21,29,8,72.41,240,2,0,119.9,4,25,8.28,9.66
255,Josh Rosen,QB,21.302,09/12/2018,NFL,ARI,,DET,L 3-17,13,14,Sun,26,41,15,63.41,240,0,1,69.2,3,22,5.85,4.76
256,Josh Rosen,QB,21.246,14/10/2018,NFL,ARI,@,MIN,L 17-27,6,6,Sun,21,31,10,67.74,240,0,1,77.4,4,32,7.74,6.29
257,Andrew Luck,QB,29.046,28/10/2018,NFL,IND,@,OAK,W 42-28,8,8,Sun,22,31,9,70.97,239,3,0,125.6,0,0,7.71,9.65
258,Brock Osweiler,QB,27.333,21/10/2018,NFL,MIA,,DET,L 21-32,7,7,Sun,22,31,9,70.97,239,2,0,114.9,4,24,7.71,9
259,Matt Ryan,QB,33.22,23/12/2018,NFL,ATL,@,CAR,W 24-10,15,16,Sun,15,26,11,57.69,239,3,0,126.9,1,6,9.19,11.5
260,Deshaun Watson,QB,23.041,25/10/2018,NFL,HOU,,MIA,W 42-23,8,8,Thu,16,20,4,80,239,5,0,156,0,0,11.95,16.95
261,Joe Flacco,QB,33.271,14/10/2018,NFL,BAL,@,TEN,W 21-0,6,6,Sun,25,37,12,67.57,238,1,1,82.9,0,0,6.43,5.76
262,Baker Mayfield,QB,23.239,09/12/2018,NFL,CLE,,CAR,W 26-20,13,14,Sun,18,22,4,81.82,238,1,0,126.9,1,6,10.82,11.73
263,Baker Mayfield,QB,23.183,14/10/2018,NFL,CLE,,LAC,L 14-38,6,6,Sun,22,46,24,47.83,238,1,2,52.6,5,24,5.17,3.65
264,Marcus Mariota,QB,24.356,21/10/2018,NFL,TEN,@,LAC,L 19-20,7,7,Sun,24,32,8,75,237,1,1,92.8,2,11,7.41,6.63
265,Cam Newton,QB,29.149,07/10/2018,NFL,CAR,,NYG,W 33-31,4,5,Sun,21,35,14,60,237,2,2,75.5,1,5,6.77,5.34
266,Russell Wilson,QB,30.017,16/12/2018,NFL,SEA,@,SFO,L 23-26,14,15,Sun,23,31,8,74.19,237,2,0,117.3,3,20,7.65,8.94
267,Jeff Driskel,QB,25.223,02/12/2018,NFL,CIN,,DEN,L 10-24,12,13,Sun,25,37,12,67.57,236,1,1,82.7,4,34,6.38,5.7
268,Joe Flacco,QB,33.236,09/09/2018,NFL,BAL,,BUF,W 47-3,1,1,Sun,25,34,9,73.53,236,3,0,121.7,1,0,6.94,8.71
269,Matthew Stafford,QB,30.288,22/11/2018,NFL,DET,,CHI,L 16-23,11,12,Thu,28,38,10,73.68,236,0,2,67.4,2,14,6.21,3.84
270,Carson Wentz,QB,25.33,25/11/2018,NFL,PHI,,NYG,W 25-22,11,12,Sun,20,28,8,71.43,236,1,0,108.6,3,22,8.43,9.14
271,Ben Roethlisberger,QB,36.289,16/12/2018,NFL,PIT,,NWE,W 17-10,14,15,Sun,22,34,12,64.71,235,2,2,79.9,2,17,6.91,5.44
272,Mitchell Trubisky,QB,24.118,16/12/2018,NFL,CHI,,GNB,W 24-17,14,15,Sun,20,28,8,71.43,235,2,0,120.4,1,3,8.39,9.82
273,Russell Wilson,QB,29.34,04/11/2018,NFL,SEA,,LAC,L 17-25,8,9,Sun,26,39,13,66.67,235,2,1,89.2,4,33,6.03,5.9
274,Tom Brady,QB,41.044,16/09/2018,NFL,NWE,@,JAX,L 20-31,2,2,Sun,24,35,11,68.57,234,2,0,106.1,2,14,6.69,7.83
275,Kirk Cousins,QB,30.056,14/10/2018,NFL,MIN,,ARI,W 27-17,6,6,Sun,24,34,10,70.59,233,1,1,87,4,17,6.85,6.12
276,Jared Goff,QB,23.331,10/09/2018,NFL,LAR,@,OAK,W 33-13,1,1,Mon,18,33,15,54.55,233,2,0,97.2,1,8,7.06,8.27
277,Aaron Rodgers,QB,35,02/12/2018,NFL,GNB,,ARI,L 17-20,12,13,Sun,31,50,19,62,233,1,0,79.8,1,6,4.66,5.06
278,Matt Barkley,QB,28.064,11/11/2018,NFL,BUF,@,NYJ,W 41-10,10,10,Sun,15,25,10,60,232,2,0,117.4,1,8,9.28,10.88
279,Josh Allen,QB,22.195,02/12/2018,NFL,BUF,@,MIA,L 17-21,12,13,Sun,18,33,15,54.55,231,2,2,71.7,2,14,7,5.48
280,Eli Manning,QB,37.319,18/11/2018,NFL,NYG,,TAM,W 38-35,10,11,Sun,17,18,1,94.44,231,2,0,155.8,4,35,12.83,15.06
281,Matt Ryan,QB,33.213,16/12/2018,NFL,ATL,,ARI,W 40-14,14,15,Sun,22,36,14,61.11,231,2,0,98.3,2,11,6.42,7.53
282,Chase Daniel,QB,32.046,22/11/2018,NFL,CHI,@,DET,W 23-16,11,12,Thu,27,37,10,72.97,230,2,0,106.8,4,12,6.22,7.3
283,Ryan Tannehill,QB,30.044,09/09/2018,NFL,MIA,,TEN,W 27-20,1,1,Sun,20,28,8,71.43,230,2,2,89.9,1,8,8.21,6.43
284,Andy Dalton,QB,30.35,14/10/2018,NFL,CIN,,PIT,L 21-28,6,6,Sun,26,42,16,61.9,229,2,0,92.3,3,16,5.45,6.4
285,Sam Darnold,QB,21.152,04/11/2018,NFL,NYJ,@,MIA,L 6-13,9,9,Sun,21,39,18,53.85,229,0,4,31.8,4,27,5.87,1.26
286,Eli Manning,QB,37.347,16/12/2018,NFL,NYG,,TEN,L 0-17,14,15,Sun,21,44,23,47.73,229,0,1,54.1,3,16,5.2,4.18
287,Marcus Mariota,QB,25.012,11/11/2018,NFL,TEN,,NWE,W 34-10,9,10,Sun,16,24,8,66.67,228,2,0,125,2,14,9.5,11.17
288,Philip Rivers,QB,36.331,04/11/2018,NFL,LAC,@,SEA,W 25-17,8,9,Sun,13,26,13,50,228,2,0,105.9,2,13,8.77,10.31
289,Carson Wentz,QB,25.344,09/12/2018,NFL,PHI,@,DAL,L 23-29,13,14,Sun,22,32,10,68.75,228,3,0,120.3,2,6,7.13,9
290,Philip Rivers,QB,36.289,23/09/2018,NFL,LAC,@,LAR,L 23-35,3,3,Sun,18,30,12,60,226,2,0,105.7,1,4,7.53,8.87
291,Russell Wilson,QB,29.292,17/09/2018,NFL,SEA,@,CHI,L 17-24,2,2,Mon,22,36,14,61.11,226,2,1,86.1,6,24,6.28,6.14
292,Russell Wilson,QB,29.351,15/11/2018,NFL,SEA,,GNB,W 27-24,10,11,Thu,21,31,10,67.74,225,2,0,110.3,3,20,7.26,8.55
293,Eli Manning,QB,37.249,09/09/2018,NFL,NYG,,JAX,L 15-20,1,1,Sun,23,37,14,62.16,224,0,1,67.8,2,14,6.05,4.84
294,Deshaun Watson,QB,23.079,02/12/2018,NFL,HOU,,CLE,W 29-13,12,13,Sun,22,31,9,70.97,224,1,0,102.1,4,27,7.23,7.87
295,Philip Rivers,QB,36.338,11/11/2018,NFL,LAC,@,OAK,W 20-6,9,10,Sun,18,26,8,69.23,223,2,1,105.1,1,1,8.58,8.38
296,Case Keenum,QB,30.211,16/09/2018,NFL,DEN,,OAK,W 20-19,2,2,Sun,19,35,16,54.29,222,0,1,61.8,1,5,6.34,5.06
297,Russell Wilson,QB,29.319,14/10/2018,NFL,SEA,@,OAK,W 27-3,6,6,Sun,17,23,6,73.91,222,3,1,125.4,1,8,9.65,10.3
298,Nick Mullens,QB,23.249,25/11/2018,NFL,SFO,@,TAM,L 9-27,11,12,Sun,18,32,14,56.25,221,1,2,62.1,4,27,6.91,4.72
299,Philip Rivers,QB,37.001,09/12/2018,NFL,LAC,,CIN,W 26-21,13,14,Sun,19,29,10,65.52,220,1,0,99.8,2,17,7.59,8.28
300,Alex Smith,QB,34.139,23/09/2018,NFL,WAS,,GNB,W 31-17,3,3,Sun,12,20,8,60,220,2,1,110.4,0,0,11,10.75
301,Matthew Stafford,QB,30.284,18/11/2018,NFL,DET,,CAR,W 20-19,10,11,Sun,23,37,14,62.16,220,1,0,87.7,1,5,5.95,6.49
302,Mitchell Trubisky,QB,24.069,28/10/2018,NFL,CHI,,NYJ,W 24-10,7,8,Sun,16,29,13,55.17,220,2,0,102.7,2,4,7.59,8.97
303,Mitchell Trubisky,QB,24.034,23/09/2018,NFL,CHI,@,ARI,W 16-14,3,3,Sun,24,35,11,68.57,220,0,1,73.5,3,26,6.29,5
304,Cam Newton,QB,29.17,28/10/2018,NFL,CAR,,BAL,W 36-21,7,8,Sun,21,29,8,72.41,219,2,0,116.9,0,0,7.55,8.93
305,Josh Allen,QB,22.216,23/12/2018,NFL,BUF,@,NWE,L 12-24,15,16,Sun,20,41,21,48.78,217,1,2,52.6,0,0,5.29,3.59
306,Drew Brees,QB,39.258,30/09/2018,NFL,NOR,@,NYG,W 33-18,4,4,Sun,18,32,14,56.25,217,0,0,77.2,1,8,6.78,6.78
307,Matthew Stafford,QB,30.256,21/10/2018,NFL,DET,@,MIA,W 32-21,6,7,Sun,18,22,4,81.82,217,2,0,138.1,1,8,9.86,11.68
308,Jared Goff,QB,24.07,23/12/2018,NFL,LAR,@,ARI,W 31-9,15,16,Sun,19,24,5,79.17,216,1,0,118.1,2,24,9,9.83
309,Baker Mayfield,QB,23.211,11/11/2018,NFL,CLE,,ATL,W 28-16,10,10,Sun,17,20,3,85,216,3,0,151.2,0,0,10.8,13.8
310,Kirk Cousins,QB,30.119,16/12/2018,NFL,MIN,,MIA,W 41-17,14,15,Sun,14,21,7,66.67,215,2,1,112.2,2,17,10.24,10
311,Baker Mayfield,QB,23.19,21/10/2018,NFL,CLE,@,TAM,L 23-26,7,7,Sun,23,34,11,67.65,215,2,0,104.4,5,29,6.32,7.5
312,Brock Osweiler,QB,27.354,11/11/2018,NFL,MIA,@,GNB,L 12-31,10,10,Sun,23,37,14,62.16,213,0,1,66.6,6,50,5.76,4.54
313,Deshaun Watson,QB,23.051,04/11/2018,NFL,HOU,@,DEN,W 19-17,9,9,Sun,17,24,7,70.83,213,2,0,125.9,4,21,8.88,10.54
314,Jameis Winston,QB,24.337,09/12/2018,NFL,TAM,,NOR,L 14-28,13,14,Sun,18,38,20,47.37,213,2,1,71.5,4,39,5.61,5.47
315,Drew Brees,QB,39.279,21/10/2018,NFL,NOR,@,BAL,W 24-23,6,7,Sun,22,30,8,73.33,212,2,0,114.9,1,7,7.07,8.4
316,Andy Dalton,QB,31.02,18/11/2018,NFL,CIN,@,BAL,L 21-24,10,11,Sun,19,36,17,52.78,211,2,0,89,1,4,5.86,6.97
317,Deshaun Watson,QB,23.073,26/11/2018,NFL,HOU,,TEN,W 34-17,11,12,Mon,19,24,5,79.17,210,2,0,130.9,4,29,8.75,10.42
318,Kirk Cousins,QB,30.113,10/12/2018,NFL,MIN,@,SEA,L 7-21,13,14,Mon,20,33,13,60.61,208,1,0,89,2,9,6.3,6.91
319,Dak Prescott,QB,25.112,18/11/2018,NFL,DAL,@,ATL,W 22-19,10,11,Sun,22,32,10,68.75,208,0,0,86.5,2,17,6.5,6.5
320,Dak Prescott,QB,25.07,07/10/2018,NFL,DAL,@,HOU,L 16-19,5,5,Sun,18,29,11,62.07,208,1,2,66.5,2,14,7.17,4.76
321,Josh Rosen,QB,21.274,11/11/2018,NFL,ARI,@,KAN,L 14-26,9,10,Sun,22,39,17,56.41,208,1,2,58.5,5,42,5.33,3.54
322,Matthew Stafford,QB,30.312,16/12/2018,NFL,DET,@,BUF,L 13-14,14,15,Sun,22,29,7,75.86,208,1,0,106.7,0,0,7.17,7.86
323,Deshaun Watson,QB,23.065,18/11/2018,NFL,HOU,@,WAS,W 23-21,10,11,Sun,16,24,8,66.67,208,1,2,72.9,3,27,8.67,5.75
324,Jared Goff,QB,24.049,02/12/2018,NFL,LAR,@,DET,W 30-16,12,13,Sun,17,33,16,51.52,207,1,1,68.6,2,12,6.27,5.52
325,Philip Rivers,QB,36.31,14/10/2018,NFL,LAC,@,CLE,W 38-14,6,6,Sun,11,20,9,55,207,2,1,103.5,1,12,10.35,10.1
326,Josh Allen,QB,22.202,09/12/2018,NFL,BUF,,NYJ,L 23-27,13,14,Sun,18,36,18,50,206,0,2,44.4,3,14,5.72,3.22
327,Sam Darnold,QB,21.138,21/10/2018,NFL,NYJ,,MIN,L 17-37,7,7,Sun,17,42,25,40.48,206,1,3,34.4,3,14,4.9,2.17
328,Joe Flacco,QB,33.292,04/11/2018,NFL,BAL,,PIT,L 16-23,9,9,Sun,23,37,14,62.16,206,0,0,77.1,2,14,5.57,5.57
329,Jimmy Garoppolo,QB,26.318,16/09/2018,NFL,SFO,,DET,W 30-27,2,2,Sun,18,26,8,69.23,206,2,0,118.4,6,50,7.92,9.46
330,Dak Prescott,QB,25.14,16/12/2018,NFL,DAL,@,IND,L 0-23,14,15,Sun,24,39,15,61.54,206,0,1,64.7,3,26,5.28,4.13
331,Case Keenum,QB,30.274,18/11/2018,NFL,DEN,@,LAC,W 23-22,10,11,Sun,19,32,13,59.38,205,0,0,78.3,0,0,6.41,6.41
332,Josh Allen,QB,22.209,16/12/2018,NFL,BUF,,DET,W 14-13,14,15,Sun,13,26,13,50,204,1,0,89.3,1,9,7.85,8.62
333,Lamar Jackson,QB,21.349,22/12/2018,NFL,BAL,@,LAC,W 22-10,15,16,Sat,12,22,10,54.55,204,1,0,101.3,3,2,9.27,10.18
334,Ryan Tannehill,QB,30.121,25/11/2018,NFL,MIA,@,IND,L 24-27,11,12,Sun,17,25,8,68,204,2,0,119.4,1,3,8.16,9.76
335,Drew Brees,QB,39.336,17/12/2018,NFL,NOR,@,CAR,W 12-9,14,15,Mon,23,35,12,65.71,203,0,1,69.1,2,12,5.8,4.51
336,Jared Goff,QB,24.007,21/10/2018,NFL,LAR,@,SFO,W 39-10,7,7,Sun,18,24,6,75,202,2,0,127.4,1,9,8.42,10.08
337,Case Keenum,QB,30.31,24/12/2018,NFL,DEN,@,OAK,L 14-27,15,16,Mon,23,37,14,62.16,202,2,2,72.1,1,2,5.46,4.11
338,Drew Brees,QB,39.328,09/12/2018,NFL,NOR,@,TAM,W 28-14,13,14,Sun,24,31,7,77.42,201,1,1,90.9,1,3,6.48,5.68
339,Kirk Cousins,QB,30.105,02/12/2018,NFL,MIN,@,NWE,L 10-24,12,13,Sun,32,44,12,72.73,201,1,2,70.4,2,18,4.57,2.98
340,Jared Goff,QB,24,14/10/2018,NFL,LAR,@,DEN,W 23-20,6,6,Sun,14,28,14,50,201,0,1,58.8,5,27,7.18,5.57
341,Mitchell Trubisky,QB,24.028,17/09/2018,NFL,CHI,,SEA,W 24-17,2,2,Mon,25,34,9,73.53,200,2,2,83,2,15,5.88,4.41
342,Aaron Rodgers,QB,34.344,11/11/2018,NFL,GNB,,MIA,W 31-12,9,10,Sun,19,28,9,67.86,199,2,0,112.1,2,17,7.11,8.54
343,Matthew Stafford,QB,30.27,04/11/2018,NFL,DET,@,MIN,L 9-24,8,9,Sun,25,36,11,69.44,199,0,0,83,10,56,5.53,5.53
344,Sam Darnold,QB,21.124,07/10/2018,NFL,NYJ,,DEN,W 34-16,5,5,Sun,10,22,12,45.45,198,3,1,98.1,1,9,9,9.68
345,Sam Darnold,QB,21.097,10/09/2018,NFL,NYJ,@,DET,W 48-17,1,1,Mon,16,21,5,76.19,198,2,1,116.8,2,18,9.43,9.19
346,Aaron Rodgers,QB,34.358,25/11/2018,NFL,GNB,@,MIN,L 17-24,11,12,Sun,17,28,11,60.71,198,1,0,94,4,26,7.07,7.79
347,Russell Wilson,QB,29.312,07/10/2018,NFL,SEA,,LAR,L 31-33,5,5,Sun,13,21,8,61.9,198,3,0,132.5,2,15,9.43,12.29
348,Case Keenum,QB,30.281,25/11/2018,NFL,DEN,,PIT,W 24-17,11,12,Sun,15,28,13,53.57,197,2,0,99.9,2,13,7.04,8.46
349,Eli Manning,QB,37.34,09/12/2018,NFL,NYG,@,WAS,W 40-16,13,14,Sun,14,22,8,63.64,197,3,0,132,2,22,8.95,11.68
350,Tyrod Taylor,QB,29.037,09/09/2018,NFL,CLE,,PIT,T 21-21,1,1,Sun,15,40,25,37.5,197,1,1,51.8,7,47,4.93,4.3
351,Josh Allen,QB,22.125,23/09/2018,NFL,BUF,@,MIN,W 27-6,3,3,Sun,15,22,7,68.18,196,1,0,111.2,3,32,8.91,9.82
352,Aaron Rodgers,QB,35.007,09/12/2018,NFL,GNB,,ATL,W 34-20,13,14,Sun,21,32,11,65.63,196,2,0,103.1,4,34,6.13,7.38
353,Derek Carr,QB,27.242,25/11/2018,NFL,OAK,@,BAL,L 17-34,11,12,Sun,16,34,18,47.06,194,1,0,74.9,3,12,5.71,6.29
354,Josh Rosen,QB,21.25,18/10/2018,NFL,ARI,,DEN,L 10-45,7,7,Thu,21,39,18,53.85,194,1,3,44.2,6,40,4.97,2.03
355,Cam Newton,QB,29.181,08/11/2018,NFL,CAR,@,PIT,L 21-52,9,10,Thu,23,29,6,79.31,193,2,1,103,5,46,6.66,6.48
356,Derek Carr,QB,27.235,18/11/2018,NFL,OAK,@,ARI,W 23-21,10,11,Sun,19,31,12,61.29,192,2,0,100.5,4,19,6.19,7.48
357,Joe Flacco,QB,33.285,28/10/2018,NFL,BAL,@,CAR,L 21-36,8,8,Sun,22,39,17,56.41,192,1,2,56.8,2,14,4.92,3.13
358,Case Keenum,QB,30.218,23/09/2018,NFL,DEN,@,BAL,L 14-27,3,3,Sun,22,34,12,64.71,192,0,1,67.3,3,19,5.65,4.32
359,Andrew Luck,QB,29.095,16/12/2018,NFL,IND,,DAL,W 23-0,14,15,Sun,16,27,11,59.26,192,0,0,81.1,0,0,7.11,7.11
360,Russell Wilson,QB,29.298,23/09/2018,NFL,SEA,,DAL,W 24-13,3,3,Sun,16,26,10,61.54,192,2,0,109.8,2,10,7.38,8.92
361,C.J. Beathard,QB,24.346,28/10/2018,NFL,SFO,@,ARI,L 15-18,8,8,Sun,14,28,14,50,190,1,0,83.9,4,30,6.79,7.5
362,Eli Manning,QB,37.313,12/11/2018,NFL,NYG,@,SFO,W 27-23,9,10,Mon,19,31,12,61.29,188,3,0,110.7,1,8,6.06,8
363,Baker Mayfield,QB,23.245,15/12/2018,NFL,CLE,@,DEN,W 17-16,14,15,Sat,18,31,13,58.06,188,2,1,83.8,2,13,6.06,5.9
364,Nathan Peterman,QB,24.184,04/11/2018,NFL,BUF,,CHI,L 9-41,9,9,Sun,31,49,18,63.27,188,0,3,45.3,4,22,3.84,1.08
365,Case Keenum,QB,30.295,09/12/2018,NFL,DEN,@,SFO,L 14-20,13,14,Sun,24,42,18,57.14,186,1,0,76.1,2,15,4.43,4.9
366,Ryan Tannehill,QB,30.072,07/10/2018,NFL,MIA,@,CIN,L 17-27,5,5,Sun,20,35,15,57.14,185,1,2,57.4,3,16,5.29,3.29
367,Russell Wilson,QB,30.003,02/12/2018,NFL,SEA,,SFO,W 43-16,12,13,Sun,11,17,6,64.71,185,4,0,140.9,3,22,10.88,15.59
368,Dak Prescott,QB,25.077,14/10/2018,NFL,DAL,,JAX,W 40-7,6,6,Sun,17,27,10,62.96,183,2,0,107.5,3,11,6.78,8.26
369,Matthew Stafford,QB,30.242,07/10/2018,NFL,DET,,GNB,W 31-23,5,5,Sun,14,26,12,53.85,183,2,0,101.9,3,13,7.04,8.58
370,Philip Rivers,QB,37.014,22/12/2018,NFL,LAC,,BAL,L 10-22,15,16,Sat,23,37,14,62.16,181,0,2,51.7,4,34,4.89,2.46
371,Jared Goff,QB,24.056,09/12/2018,NFL,LAR,@,CHI,L 6-15,13,14,Sun,20,44,24,45.45,180,0,4,19.1,3,25,4.09,0
372,Baker Mayfield,QB,23.197,28/10/2018,NFL,CLE,@,PIT,L 18-33,8,8,Sun,22,36,14,61.11,180,2,1,80.8,2,17,5,4.86
373,Josh Rosen,QB,21.232,30/09/2018,NFL,ARI,,SEA,L 17-20,4,4,Sun,15,27,12,55.56,180,1,0,88.5,1,9,6.67,7.41
374,Andrew Luck,QB,29.004,16/09/2018,NFL,IND,@,WAS,W 21-9,2,2,Sun,21,31,10,67.74,179,2,2,77.2,1,2,5.77,4.16
375,Lamar Jackson,QB,21.322,25/11/2018,NFL,BAL,,OAK,W 34-17,11,12,Sun,14,25,11,56,178,1,2,58.4,1,4,7.12,4.32
376,Alex Smith,QB,34.167,21/10/2018,NFL,WAS,,DAL,W 20-17,6,7,Sun,14,25,11,56,178,1,0,91.7,1,3,7.12,7.92
377,Alex Smith,QB,34.174,28/10/2018,NFL,WAS,@,NYG,W 20-13,7,8,Sun,20,32,12,62.5,178,1,0,87.8,0,0,5.56,6.19
378,Alex Smith,QB,34.188,11/11/2018,NFL,WAS,@,TAM,W 16-3,9,10,Sun,19,27,8,70.37,178,1,0,100.5,3,8,6.59,7.33
379,Deshaun Watson,QB,23.03,14/10/2018,NFL,HOU,,BUF,W 20-13,6,6,Sun,15,25,10,60,177,1,2,61.6,7,35,7.08,4.28
380,Blake Bortles,QB,26.134,09/09/2018,NFL,JAX,@,NYG,W 20-15,1,1,Sun,18,33,15,54.55,176,1,1,67.2,1,8,5.33,4.58
381,Deshaun Watson,QB,22.36,09/09/2018,NFL,HOU,@,NWE,L 20-27,1,1,Sun,17,34,17,50,176,1,1,62.9,3,18,5.18,4.44
382,Russell Wilson,QB,29.347,11/11/2018,NFL,SEA,@,LAR,L 31-36,9,10,Sun,17,26,9,65.38,176,3,0,123.2,4,35,6.77,9.08
383,Derek Anderson,QB,35.128,21/10/2018,NFL,BUF,@,IND,L 5-37,7,7,Sun,20,31,11,64.52,175,0,3,39.8,2,7,5.65,1.29
384,Russell Wilson,QB,29.305,30/09/2018,NFL,SEA,@,ARI,W 20-17,4,4,Sun,19,26,7,73.08,172,0,0,90.5,2,12,6.62,6.62
385,Drew Brees,QB,39.311,22/11/2018,NFL,NOR,,ATL,W 31-17,11,12,Thu,15,22,7,68.18,171,4,1,111.9,1,6,7.77,9.36
386,Derek Carr,QB,27.218,01/11/2018,NFL,OAK,@,SFO,L 3-34,8,9,Thu,16,21,5,76.19,171,0,0,99.5,7,32,8.14,8.14
387,Mitchell Trubisky,QB,24.02,09/09/2018,NFL,CHI,@,GNB,L 23-24,1,1,Sun,23,35,12,65.71,171,0,0,77.2,4,16,4.89,4.89
388,C.J. Beathard,QB,24.339,21/10/2018,NFL,SFO,,LAR,L 10-39,7,7,Sun,15,27,12,55.56,170,1,2,56.1,7,49,6.3,3.7
389,Sam Darnold,QB,21.187,09/12/2018,NFL,NYJ,@,BUF,W 27-23,13,14,Sun,16,24,8,66.67,170,1,1,83.7,0,0,7.08,6.04
390,Jeff Driskel,QB,25.23,09/12/2018,NFL,CIN,@,LAC,L 21-26,13,14,Sun,18,27,9,66.67,170,1,0,96.2,3,19,6.3,7.04
391,Eli Manning,QB,37.333,02/12/2018,NFL,NYG,,CHI,W 30-27,12,13,Sun,19,35,16,54.29,170,1,1,65.2,3,22,4.86,4.14
392,Dak Prescott,QB,25.042,09/09/2018,NFL,DAL,@,CAR,L 8-16,1,1,Sun,19,29,10,65.52,170,0,0,81.1,6,32,5.86,5.86
393,Josh Rosen,QB,21.239,07/10/2018,NFL,ARI,@,SFO,W 28-18,5,5,Sun,10,25,15,40,170,1,0,77.1,1,6,6.8,7.6
394,Sam Darnold,QB,21.107,20/09/2018,NFL,NYJ,@,CLE,L 17-21,3,3,Thu,15,31,16,48.39,169,0,2,38.2,2,8,5.45,2.55
395,Dak Prescott,QB,25.056,23/09/2018,NFL,DAL,@,SEA,L 13-24,3,3,Sun,19,34,15,55.88,168,1,2,54.5,5,31,4.94,2.88
396,Ryan Tannehill,QB,30.051,16/09/2018,NFL,MIA,@,NYJ,W 20-12,2,2,Sun,17,23,6,73.91,168,2,0,123.1,4,46,7.3,9.04
397,Derek Carr,QB,27.271,24/12/2018,NFL,OAK,,DEN,W 27-14,15,16,Mon,19,26,7,73.08,167,0,0,89.7,1,8,6.42,6.42
398,Sam Darnold,QB,21.117,30/09/2018,NFL,NYJ,@,JAX,L 12-31,4,4,Sun,17,34,17,50,167,1,0,74,3,23,4.91,5.5
399,Ryan Fitzpatrick,QB,35.359,18/11/2018,NFL,TAM,@,NYG,L 35-38,10,11,Sun,13,21,8,61.9,167,0,3,47.2,1,7,7.95,1.52
400,Mitchell Trubisky,QB,24.09,18/11/2018,NFL,CHI,,MIN,W 25-20,10,11,Sun,20,31,11,64.52,165,1,2,61.9,1,5,5.32,3.06
401,Kirk Cousins,QB,30.077,04/11/2018,NFL,MIN,,DET,W 24-9,9,9,Sun,18,22,4,81.82,164,1,1,93.9,1,9,7.45,6.32
402,Andrew Luck,QB,29.011,23/09/2018,NFL,IND,@,PHI,L 16-20,3,3,Sun,25,40,15,62.5,164,1,0,79.6,2,23,4.1,4.6
403,Alex Smith,QB,34.16,14/10/2018,NFL,WAS,,CAR,W 23-17,5,6,Sun,21,36,15,58.33,163,2,0,88.1,3,7,4.53,5.64
404,Marcus Mariota,QB,25.037,06/12/2018,NFL,TEN,,JAX,W 30-9,13,14,Thu,18,24,6,75,162,0,1,75.3,1,0,6.75,4.88
405,Case Keenum,QB,30.243,18/10/2018,NFL,DEN,@,ARI,W 45-10,7,7,Thu,14,21,7,66.67,161,1,1,85.6,2,11,7.67,6.48
406,Cam Newton,QB,29.121,09/09/2018,NFL,CAR,,DAL,W 16-8,1,1,Sun,17,26,9,65.38,161,0,0,82.4,3,15,6.19,6.19
407,Dak Prescott,QB,25.147,23/12/2018,NFL,DAL,,TAM,W 27-20,15,16,Sun,20,25,5,80,161,1,0,106.8,1,9,6.44,7.24
408,Josh Allen,QB,22.188,25/11/2018,NFL,BUF,,JAX,W 24-21,11,12,Sun,8,19,11,42.11,160,1,0,89.8,0,0,8.42,9.47
409,Dak Prescott,QB,25.049,16/09/2018,NFL,DAL,,NYG,W 20-13,2,2,Sun,16,25,9,64,160,1,0,95.4,0,0,6.4,7.2
410,Sam Bradford,QB,30.319,23/09/2018,NFL,ARI,,CHI,L 14-16,3,3,Sun,13,19,6,68.42,157,2,2,89,3,18,8.26,5.63
411,Jameis Winston,QB,24.344,16/12/2018,NFL,TAM,@,BAL,L 12-20,14,15,Sun,13,25,12,52,157,0,1,54.9,1,1,6.28,4.48
412,Andrew Luck,QB,29.039,21/10/2018,NFL,IND,,BUF,W 37-5,7,7,Sun,17,23,6,73.91,156,4,0,131.5,0,0,6.78,10.26
413,Carson Wentz,QB,25.323,18/11/2018,NFL,PHI,@,NOR,L 7-48,10,11,Sun,19,33,14,57.58,156,0,3,31.9,3,18,4.73,0.64
414,Blake Bortles,QB,26.148,23/09/2018,NFL,JAX,,TEN,L 6-9,3,3,Sun,21,34,13,61.76,155,0,0,72.5,3,10,4.56,4.56
415,Sam Bradford,QB,30.305,09/09/2018,NFL,ARI,,WAS,L 6-24,1,1,Sun,20,34,14,58.82,153,0,1,57.6,2,8,4.5,3.18
416,Andy Dalton,QB,31.013,11/11/2018,NFL,CIN,,NOR,L 14-51,9,10,Sun,12,20,8,60,153,1,2,61,4,24,7.65,4.15
417,Sam Darnold,QB,21.145,28/10/2018,NFL,NYJ,@,CHI,L 10-24,8,8,Sun,14,29,15,48.28,153,1,0,75.8,1,3,5.28,5.97
418,Josh Johnson,QB,32.221,22/12/2018,NFL,WAS,@,TEN,L 16-25,15,16,Sat,13,23,10,56.52,153,1,2,55.2,2,22,6.65,3.61
419,Josh Allen,QB,22.132,30/09/2018,NFL,BUF,@,GNB,L 0-22,4,4,Sun,16,33,17,48.48,151,0,2,36.3,7,64,4.58,1.85
420,Josh Johnson,QB,32.215,16/12/2018,NFL,WAS,@,JAX,W 16-13,14,15,Sun,16,25,9,64,151,1,0,93.9,3,15,6.04,6.84
421,Case Keenum,QB,30.288,02/12/2018,NFL,DEN,@,CIN,W 24-10,12,13,Sun,12,21,9,57.14,151,1,0,95.5,2,8,7.19,8.14
422,Lamar Jackson,QB,21.315,18/11/2018,NFL,BAL,,CIN,W 24-21,10,11,Sun,13,19,6,68.42,150,0,1,70.1,3,14,7.89,5.53
423,Cody Kessler,QB,25.205,02/12/2018,NFL,JAX,,IND,W 6-0,12,13,Sun,18,24,6,75,150,0,0,90.6,3,18,6.25,6.25
424,Cam Newton,QB,29.135,23/09/2018,NFL,CAR,,CIN,W 31-21,3,3,Sun,15,24,9,62.5,150,2,0,108,1,3,6.25,7.92
425,Blake Bortles,QB,26.169,14/10/2018,NFL,JAX,@,DAL,L 7-40,6,6,Sun,15,26,11,57.69,149,1,1,70.8,3,10,5.73,4.77
426,Josh Rosen,QB,21.295,02/12/2018,NFL,ARI,@,GNB,W 20-17,12,13,Sun,11,26,15,42.31,149,0,0,61.2,2,16,5.73,5.73
427,Andy Dalton,QB,30.357,21/10/2018,NFL,CIN,@,KAN,L 10-45,7,7,Sun,15,29,14,51.72,148,1,1,63.6,2,13,5.1,4.24
428,Lamar Jackson,QB,21.336,09/12/2018,NFL,BAL,@,KAN,L 24-27,13,14,Sun,13,24,11,54.17,147,2,0,100.5,2,20,6.13,7.79
429,Ryan Tannehill,QB,30.149,23/12/2018,NFL,MIA,,JAX,L 7-17,15,16,Sun,15,22,7,68.18,146,1,1,82.8,3,25,6.64,5.5
430,Derek Carr,QB,27.2,14/10/2018,NFL,OAK,,SEA,L 3-27,6,6,Sun,23,31,8,74.19,142,0,0,83,6,36,4.58,4.58
431,Brock Osweiler,QB,27.347,04/11/2018,NFL,MIA,,NYJ,W 13-6,9,9,Sun,15,24,9,62.5,139,0,0,78.3,4,35,5.79,5.79
432,Deshaun Watson,QB,23.037,21/10/2018,NFL,HOU,@,JAX,W 20-7,7,7,Sun,12,24,12,50,139,1,0,81.8,1,8,5.79,6.63
433,Ryan Tannehill,QB,30.128,02/12/2018,NFL,MIA,,BUF,W 21-17,12,13,Sun,16,24,8,66.67,137,3,1,103.6,3,22,5.71,6.33
434,Josh Rosen,QB,21.281,18/11/2018,NFL,ARI,,OAK,L 21-23,10,11,Sun,9,20,11,45,136,3,2,67.9,1,8,6.8,5.3
435,Josh McCown,QB,39.13,11/11/2018,NFL,NYJ,,BUF,L 10-41,10,10,Sun,17,34,17,50,135,0,2,35.8,3,19,3.97,1.32
436,Alex Smith,QB,34.195,18/11/2018,NFL,WAS,,HOU,L 21-23,10,11,Sun,12,27,15,44.44,135,0,2,29.1,3,22,5,1.67
437,Mitchell Trubisky,QB,24.076,04/11/2018,NFL,CHI,@,BUF,W 41-9,8,9,Sun,12,20,8,60,135,1,1,76,1,9,6.75,5.5
438,Tom Brady,QB,41.051,23/09/2018,NFL,NWE,@,DET,L 10-26,3,3,Sun,14,26,12,53.85,133,1,1,65.1,2,13,5.12,4.15
439,Jeff Driskel,QB,25.244,23/12/2018,NFL,CIN,@,CLE,L 18-26,15,16,Sun,13,19,6,68.42,133,2,0,123.4,3,26,7,9.11
440,Josh Rosen,QB,21.309,16/12/2018,NFL,ARI,@,ATL,L 14-40,14,15,Sun,13,22,9,59.09,132,0,2,38.4,6,42,6,1.91
441,Lamar Jackson,QB,21.343,16/12/2018,NFL,BAL,,TAM,W 20-12,14,15,Sun,14,23,9,60.87,131,1,0,91,2,3,5.7,6.57
442,Cam Newton,QB,29.22,17/12/2018,NFL,CAR,,NOR,L 9-12,14,15,Mon,16,29,13,55.17,131,0,1,52.5,4,32,4.52,2.97
443,Matt Ryan,QB,33.199,02/12/2018,NFL,ATL,,BAL,L 16-26,12,13,Sun,16,26,10,61.54,131,1,0,87.2,3,34,5.04,5.81
444,Jeff Driskel,QB,25.237,16/12/2018,NFL,CIN,,OAK,W 30-16,14,15,Sun,14,33,19,42.42,130,1,1,51.3,1,7,3.94,3.18
445,Marcus Mariota,QB,24.342,07/10/2018,NFL,TEN,@,BUF,L 12-13,5,5,Sun,14,26,12,53.85,129,0,1,51.6,2,8,4.96,3.23
446,Josh McCown,QB,39.151,02/12/2018,NFL,NYJ,@,TEN,L 22-26,12,13,Sun,17,30,13,56.67,128,0,1,53.2,2,4,4.27,2.77
447,Blake Bortles,QB,26.211,25/11/2018,NFL,JAX,@,BUF,L 21-24,11,12,Sun,12,23,11,52.17,127,1,2,46.8,3,20,5.52,2.48
448,Drew Brees,QB,39.318,29/11/2018,NFL,NOR,@,DAL,L 10-13,12,13,Thu,18,28,10,64.29,127,1,1,71.6,2,16,4.54,3.64
449,Tom Brady,QB,41.142,23/12/2018,NFL,NWE,,BUF,W 24-12,15,16,Sun,13,24,11,54.17,126,1,2,48.3,1,9,5.25,2.33
450,Ryan Fitzpatrick,QB,35.31,30/09/2018,NFL,TAM,@,CHI,L 10-48,4,4,Sun,9,18,9,50,126,0,1,49.8,2,9,7,4.5
451,Lamar Jackson,QB,21.329,02/12/2018,NFL,BAL,@,ATL,W 26-16,12,13,Sun,12,21,9,57.14,125,0,0,74.5,2,8,5.95,5.95
452,Drew Brees,QB,39.286,28/10/2018,NFL,NOR,@,MIN,W 30-20,7,8,Sun,18,23,5,78.26,120,1,1,84.8,0,0,5.22,4.13
453,Nick Foles,QB,29.229,06/09/2018,NFL,PHI,,ATL,W 18-12,1,1,Thu,19,34,15,55.88,117,0,1,50.7,2,13,3.44,2.12
454,Blaine Gabbert,QB,28.336,16/09/2018,NFL,TEN,,HOU,W 20-17,2,2,Sun,13,20,7,65,117,1,0,97.3,1,8,5.85,6.85
455,Marcus Mariota,QB,24.349,14/10/2018,NFL,TEN,,BAL,L 0-21,6,6,Sun,10,15,5,66.67,117,0,0,90.1,11,66,7.8,7.8
456,Matthew Stafford,QB,30.319,23/12/2018,NFL,DET,,MIN,L 9-27,15,16,Sun,18,32,14,56.25,116,0,0,64.1,2,11,3.63,3.63
457,Marcus Mariota,QB,25.053,22/12/2018,NFL,TEN,,WAS,W 25-16,15,16,Sat,10,13,3,76.92,110,0,0,101.4,2,15,8.46,8.46
458,Mitchell Trubisky,QB,24.111,09/12/2018,NFL,CHI,,LAR,W 15-6,13,14,Sun,16,30,14,53.33,110,1,3,33.3,1,10,3.67,-0.17
459,Ryan Tannehill,QB,30.142,16/12/2018,NFL,MIA,@,MIN,L 17-41,14,15,Sun,11,24,13,45.83,108,0,0,59,9,71,4.5,4.5
460,Cody Kessler,QB,25.226,23/12/2018,NFL,JAX,@,MIA,W 17-7,15,16,Sun,12,17,5,70.59,106,0,0,86.9,5,21,6.24,6.24
461,Josh Rosen,QB,21.288,25/11/2018,NFL,ARI,@,LAC,L 10-45,11,12,Sun,12,19,7,63.16,105,1,1,73.4,2,18,5.53,4.21
462,Blake Bortles,QB,26.204,18/11/2018,NFL,JAX,,PIT,L 16-20,10,11,Sun,10,18,8,55.56,104,0,0,72.5,6,40,5.78,5.78
463,Marcus Mariota,QB,24.314,09/09/2018,NFL,TEN,@,MIA,L 20-27,1,1,Sun,9,16,7,56.25,103,0,2,36.2,0,0,6.44,0.81
464,Matthew Stafford,QB,30.305,09/12/2018,NFL,DET,@,ARI,W 17-3,13,14,Sun,15,23,8,65.22,101,0,0,74.7,1,5,4.39,4.39
465,Andy Dalton,QB,31.027,25/11/2018,NFL,CIN,,CLE,L 20-35,11,12,Sun,10,17,7,58.82,100,1,1,70.7,0,0,5.88,4.41
466,Ryan Tannehill,QB,30.065,30/09/2018,NFL,MIA,@,NWE,L 7-38,4,4,Sun,11,20,9,55,100,0,1,47.9,2,19,5,2.75
467,Sam Bradford,QB,30.312,16/09/2018,NFL,ARI,@,LAR,L 0-34,2,2,Sun,17,27,10,62.96,90,0,1,53,1,7,3.33,1.67
468,Marcus Mariota,QB,25.047,16/12/2018,NFL,TEN,@,NYG,W 17-0,14,15,Sun,12,20,8,60,88,0,0,70.4,1,8,4.4,4.4
469,Josh Rosen,QB,21.316,23/12/2018,NFL,ARI,,LAR,L 9-31,15,16,Sun,12,23,11,52.17,87,0,0,61.3,4,23,3.78,3.78
470,Marcus Mariota,QB,25.019,18/11/2018,NFL,TEN,@,IND,L 10-38,10,11,Sun,10,13,3,76.92,85,0,1,61.4,4,19,6.54,3.08
471,Josh Allen,QB,22.146,14/10/2018,NFL,BUF,@,HOU,L 13-20,6,6,Sun,10,17,7,58.82,84,0,0,71.7,2,16,4.94,4.94
472,Josh Allen,QB,22.139,07/10/2018,NFL,BUF,,TEN,W 13-12,5,5,Sun,10,19,9,52.63,82,0,1,42,1,3,4.32,1.95
473,Russell Wilson,QB,30.011,10/12/2018,NFL,SEA,,MIN,W 21-7,13,14,Mon,10,20,10,50,72,0,1,37.9,2,12,3.6,1.35
474,Blake Bortles,QB,26.176,21/10/2018,NFL,JAX,,HOU,L 7-20,7,7,Sun,6,12,6,50,61,0,0,64.9,0,0,5.08,5.08
475,Cody Kessler,QB,25.219,16/12/2018,NFL,JAX,,WAS,L 13-16,14,15,Sun,9,17,8,52.94,57,0,1,35.7,6,37,3.35,0.71
476,Colt McCoy,QB,32.089,03/12/2018,NFL,WAS,@,PHI,L 13-28,12,13,Mon,4,4,0,100,50,0,0,118.7,1,6,12.5,12.5
477,Mark Sanchez,QB,32.028,09/12/2018,NFL,WAS,,NYG,L 16-40,13,14,Sun,6,14,8,42.86,38,0,2,10.7,5,29,2.71,-3.71
478,Nathan Peterman,QB,24.128,09/09/2018,NFL,BUF,@,BAL,L 3-47,1,1,Sun,5,18,13,27.78,24,0,2,0,3,12,1.33,-3.67
479,Tyrod Taylor,QB,29.048,20/09/2018,NFL,CLE,,NYJ,W 21-17,3,3,Thu,4,14,10,28.57,19,0,0,39.6,3,22,1.36,1.36
480,Blaine Gabbert,QB,28.343,23/09/2018,NFL,TEN,@,JAX,W 9-6,3,3,Sun,1,3,2,33.33,8,0,0,42.4,2,17,2.67,2.67
